flow,trace_avg_bw,trace_min_rtt,aurora_tput,aurora_lat,aurora_tail_lat,aurora_loss,aurora_reward,aurora_normalized_reward,bbr_tput,bbr_lat,bbr_tail_lat,bbr_loss,bbr_reward,bbr_normalized_reward,copa_tput,copa_lat,copa_tail_lat,copa_loss,copa_reward,copa_normalized_reward,cubic_tput,cubic_lat,cubic_tail_lat,cubic_loss,cubic_reward,cubic_normalized_reward,vivace_tput,vivace_lat,vivace_tail_lat,vivace_loss,vivace_reward,vivace_normalized_reward,vivace_loss_tput,vivace_loss_lat,vivace_loss_tail_lat,vivace_loss_loss,vivace_loss_reward,vivace_loss_normalized_reward,vivace_latency_tput,vivace_latency_lat,vivace_latency_tail_lat,vivace_latency_loss,vivace_latency_reward,vivace_latency_normalized_reward
results/post_nsdi/emu_real_traces_model_train_on_real_new_trace_default/ethernet/queue500/seed_10/2019-11-24T15-47-Colombia-to-AWS-Brazil-2-5-runs-3-flows/bbr_datalink_run2,39.41925,139.461,18.668081664442468,238.910342649877,523.3425533503965,0.06851139071220691,15180.801596294434,-139.1442244320796,,,,,,,,,,,,,,,,,,,,,,,,,,,,,,,,,,,,
results/post_nsdi/emu_real_traces_model_train_on_real_new_trace_default/ethernet/queue500/seed_10/2019-11-24T15-47-Colombia-to-AWS-Brazil-2-5-runs-3-flows/bbr_datalink_run3,44.03029787234043,139.506,31.533551947229142,216.92849785460433,323.84130658389154,0.03471238251299191,25991.606693143698,71.73597874407885,,,,,,,,,,,,,,,,,,,,,,,,,,,,,,,,,,,,
results/post_nsdi/emu_real_traces_model_train_on_real_new_trace_default/ethernet/queue500/seed_10/2019-11-24T15-47-Colombia-to-AWS-Brazil-2-5-runs-3-flows/cubic_datalink_run1,39.955404255319145,137.546,29.11148975660816,212.67641762966906,282.03809292872165,0.03540764675191532,23976.08308603997,80.80806632066825,,,,,,,,,,,,,,,,,,,,,,,,,,,,,,,,,,,,
results/post_nsdi/emu_real_traces_model_train_on_real_new_trace_default/ethernet/queue500/seed_10/2019-11-24T15-47-Colombia-to-AWS-Brazil-2-5-runs-3-flows/cubic_datalink_run2,39.65565957446808,140.494,31.21198468269267,215.6822861419705,287.94126267417244,0.039346895928140224,25715.611157578973,99.16150298789663,,,,,,,,,,,,,,,,,,,,,,,,,,,,,,,,,,,,
results/post_nsdi/emu_real_traces_model_train_on_real_new_trace_default/ethernet/queue500/seed_10/2019-11-24T15-47-Colombia-to-AWS-Brazil-2-5-runs-3-flows/cubic_datalink_run3,39.43097872340425,141.55200000000002,30.45503075669498,217.57602719261394,280.43488923056236,0.029477847370769972,25102.660575311664,109.64980009104512,,,,,,,,,,,,,,,,,,,,,,,,,,,,,,,,,,,,
results/post_nsdi/emu_real_traces_model_train_on_real_new_trace_default/ethernet/queue500/seed_10/2019-11-24T15-47-Colombia-to-AWS-Brazil-2-5-runs-3-flows/indigo_datalink_run1,45.68272340425532,139.493,34.68793326958485,212.970816622717,260.7833277626597,0.01705488691868451,28659.530467527293,132.58080759870063,,,,,,,,,,,,,,,,,,,,,,,,,,,,,,,,,,,,
results/post_nsdi/emu_real_traces_model_train_on_real_new_trace_default/ethernet/queue500/seed_10/2019-11-24T15-47-Colombia-to-AWS-Brazil-2-5-runs-3-flows/indigo_datalink_run2,45.612765957446804,146.695,34.33508384748252,218.52574981819905,253.9329679559338,0.022927329360886484,28348.18946436213,111.9954056291853,,,,,,,,,,,,,,,,,,,,,,,,,,,,,,,,,,,,
results/post_nsdi/emu_real_traces_model_train_on_real_new_trace_default/ethernet/queue500/seed_10/2019-11-24T15-47-Colombia-to-AWS-Brazil-2-5-runs-3-flows/indigo_datalink_run3,45.436595744680844,141.565,35.47937803143815,215.43232700401228,262.306756721131,0.026152864950308885,29298.410302627162,122.6892787039321,,,,,,,,,,,,,,,,,,,,,,,,,,,,,,,,,,,,
results/post_nsdi/emu_real_traces_model_train_on_real_new_trace_default/ethernet/queue500/seed_10/2019-11-24T15-47-Colombia-to-AWS-Brazil-2-5-runs-3-flows/ledbat_datalink_run1,19.758127659574466,140.493,19.66704265426375,228.48749413576832,262.8763649744746,0.061971176656650306,16036.77236443739,145.26515161966677,,,,,,,,,,,,,,,,,,,,,,,,,,,,,,,,,,,,
results/post_nsdi/emu_real_traces_model_train_on_real_new_trace_default/ethernet/queue500/seed_10/2019-11-24T15-47-Colombia-to-AWS-Brazil-2-5-runs-3-flows/ledbat_datalink_run2,19.746893617021275,140.488,19.655914631914698,228.96150325694884,267.01950831064437,0.0590516236841192,16032.864109303726,150.63162160248916,,,,,,,,,,,,,,,,,,,,,,,,,,,,,,,,,,,,
results/post_nsdi/emu_real_traces_model_train_on_real_new_trace_default/ethernet/queue500/seed_10/2019-11-24T15-47-Colombia-to-AWS-Brazil-2-5-runs-3-flows/ledbat_datalink_run3,19.8903829787234,140.337,19.61709720735724,229.60253980551778,277.0490511362161,0.04982179647202134,16018.334873381473,163.884070634193,,,,,,,,,,,,,,,,,,,,,,,,,,,,,,,,,,,,
results/post_nsdi/emu_real_traces_model_train_on_real_new_trace_default/ethernet/queue500/seed_10/2019-11-24T15-47-Colombia-to-AWS-Brazil-2-5-runs-3-flows/quic_datalink_run1,36.8195744680851,138.41500000000002,28.23465695020132,217.77743144237283,380.25447149949264,0.06946896668550129,23172.16542702106,26.70374524009469,,,,,,,,,,,,,,,,,,,,,,,,,,,,,,,,,,,,
results/post_nsdi/emu_real_traces_model_train_on_real_new_trace_default/ethernet/queue500/seed_10/2019-11-24T15-47-Colombia-to-AWS-Brazil-2-5-runs-3-flows/quic_datalink_run2,38.595574468085104,137.528,27.011365172628228,219.07212183114274,452.03109728069177,0.09447755494092192,22101.443745477205,-58.09896215239132,,,,,,,,,,,,,,,,,,,,,,,,,,,,,,,,,,,,
results/post_nsdi/emu_real_traces_model_train_on_real_new_trace_default/ethernet/queue500/seed_10/2019-11-24T15-47-Colombia-to-AWS-Brazil-2-5-runs-3-flows/quic_datalink_run3,36.08425531914893,137.501,26.75824342049585,221.20463516350983,389.63924890621115,0.05589170054171655,21965.5481474996,37.786463376664216,,,,,,,,,,,,,,,,,,,,,,,,,,,,,,,,,,,,
results/post_nsdi/emu_real_traces_model_train_on_real_new_trace_default/ethernet/queue500/seed_10/2019-11-24T15-47-Colombia-to-AWS-Brazil-2-5-runs-3-flows/vegas_datalink_run1,23.719659574468082,138.422,17.160217301620644,226.78862565312264,493.12990507330767,0.048270925089052064,13976.850608852645,38.3993636663847,,,,,,,,,,,,,,,,,,,,,,,,,,,,,,,,,,,,
results/post_nsdi/emu_real_traces_model_train_on_real_new_trace_default/ethernet/queue500/seed_10/2019-11-24T15-47-Colombia-to-AWS-Brazil-2-5-runs-3-flows/vegas_datalink_run2,33.742978723404256,140.32,27.060018460295172,213.73452102469793,259.2749132107657,0.03164439025654375,22272.99208204152,123.94927830037567,,,,,,,,,,,,,,,,,,,,,,,,,,,,,,,,,,,,
results/post_nsdi/emu_real_traces_model_train_on_real_new_trace_default/ethernet/queue500/seed_10/2019-11-24T15-47-Colombia-to-AWS-Brazil-2-5-runs-3-flows/vegas_datalink_run3,29.86570212765957,140.498,23.56665121286447,221.68982065705984,349.4038676905674,0.02292124535568807,19371.343699351957,127.01142164225811,,,,,,,,,,,,,,,,,,,,,,,,,,,,,,,,,,,,
results/post_nsdi/emu_real_traces_model_train_on_real_new_trace_default/ethernet/queue500/seed_10/2019-12-11T02-39-AWS-Brazil-2-to-Colombia-5-runs/bbr_datalink_run1,61.62638297872341,163.94299999999998,56.174078549637976,208.64797525758462,302.64224459373764,0.20602644245415225,46191.03126453242,-164.93763154161513,,,,,,,,,,,,,,,,,,,,,,,,,,,,,,,,,,,,
results/post_nsdi/emu_real_traces_model_train_on_real_new_trace_default/ethernet/queue500/seed_10/2019-12-11T02-39-AWS-Brazil-2-to-Colombia-5-runs/bbr_datalink_run2,72.40085106382978,139.743,61.665977465695754,187.07478508166116,248.07339844147612,0.15862076436739114,50883.998240930014,-78.45130974812099,,,,,,,,,,,,,,,,,,,,,,,,,,,,,,,,,,,,
results/post_nsdi/emu_real_traces_model_train_on_real_new_trace_default/ethernet/queue500/seed_10/2019-12-11T02-39-AWS-Brazil-2-to-Colombia-5-runs/bbr_datalink_run3,83.99336170212766,142.5,71.61033672832507,166.09537733870494,241.91483538898405,0.19353830484491075,59122.10861990903,-126.88629446223462,,,,,,,,,,,,,,,,,,,,,,,,,,,,,,,,,,,,
results/post_nsdi/emu_real_traces_model_train_on_real_new_trace_default/ethernet/queue500/seed_10/2019-12-11T02-39-AWS-Brazil-2-to-Colombia-5-runs/cubic_datalink_run1,0.7348085106382979,141.501,0.6584332851534274,276.2116788301982,772.499830559758,0.0015716680637049008,269.3393893369149,168.67550974431296,,,,,,,,,,,,,,,,,,,,,,,,,,,,,,,,,,,,
results/post_nsdi/emu_real_traces_model_train_on_real_new_trace_default/ethernet/queue500/seed_10/2019-12-11T02-39-AWS-Brazil-2-to-Colombia-5-runs/cubic_datalink_run2,0.9891063829787231,150.762,0.8169776539538768,242.56586115067103,546.103557160804,0.005045620821595209,428.15760883436917,160.3306546471149,,,,,,,,,,,,,,,,,,,,,,,,,,,,,,,,,,,,
results/post_nsdi/emu_real_traces_model_train_on_real_new_trace_default/ethernet/queue500/seed_10/2019-12-11T02-39-AWS-Brazil-2-to-Colombia-5-runs/cubic_datalink_run3,0.47438297872340424,170.957,0.4402368328667877,306.653555616257,687.5640520951303,-0.00948691596173612,79.184303696205,176.33021407046925,,,,,,,,,,,,,,,,,,,,,,,,,,,,,,,,,,,,
results/post_nsdi/emu_real_traces_model_train_on_real_new_trace_default/ethernet/queue500/seed_10/2019-12-11T02-39-AWS-Brazil-2-to-Colombia-5-runs/indigo_datalink_run1,29.755404255319146,154.608,24.8429707137356,246.88614564298052,310.590415168376,0.015257077584968637,20425.075293966747,140.0527860375929,,,,,,,,,,,,,,,,,,,,,,,,,,,,,,,,,,,,
results/post_nsdi/emu_real_traces_model_train_on_real_new_trace_default/ethernet/queue500/seed_10/2019-12-11T02-39-AWS-Brazil-2-to-Colombia-5-runs/indigo_datalink_run2,61.13514893617021,168.681,55.06071423000349,232.98838757067875,260.8992856688107,0.06419346862919484,45522.55320017385,88.94429643734176,,,,,,,,,,,,,,,,,,,,,,,,,,,,,,,,,,,,
results/post_nsdi/emu_real_traces_model_train_on_real_new_trace_default/ethernet/queue500/seed_10/2019-12-11T02-39-AWS-Brazil-2-to-Colombia-5-runs/indigo_datalink_run3,32.656340425531916,145.629,28.464202755131193,226.04140879967656,271.3264352650826,0.02374319526627222,23446.64116327711,162.28653846903555,,,,,,,,,,,,,,,,,,,,,,,,,,,,,,,,,,,,
results/post_nsdi/emu_real_traces_model_train_on_real_new_trace_default/ethernet/queue500/seed_10/2019-12-11T02-39-AWS-Brazil-2-to-Colombia-5-runs/ledbat_datalink_run1,1.2995744680851062,157.519,1.1228274639097653,371.5805208754708,1123.4437053773158,-0.005571547961741974,575.2521283061509,71.56069885088624,,,,,,,,,,,,,,,,,,,,,,,,,,,,,,,,,,,,
results/post_nsdi/emu_real_traces_model_train_on_real_new_trace_default/ethernet/queue500/seed_10/2019-12-11T02-39-AWS-Brazil-2-to-Colombia-5-runs/ledbat_datalink_run2,0.5775652173913045,163.483,0.4286021766183422,391.8801578083914,1363.5774304245283,0.028528409541168087,-91.76849637544234,-77.89474329309627,,,,,,,,,,,,,,,,,,,,,,,,,,,,,,,,,,,,
results/post_nsdi/emu_real_traces_model_train_on_real_new_trace_default/ethernet/queue500/seed_10/2019-12-11T02-39-AWS-Brazil-2-to-Colombia-5-runs/ledbat_datalink_run3,13.681021276595748,137.944,13.567050496729976,225.14642921849284,274.7059615399146,0.0430030787817377,10994.722827159678,184.68212549712362,,,,,,,,,,,,,,,,,,,,,,,,,,,,,,,,,,,,
results/post_nsdi/emu_real_traces_model_train_on_real_new_trace_default/ethernet/queue500/seed_10/2019-12-11T02-39-AWS-Brazil-2-to-Colombia-5-runs/quic_datalink_run1,3.658723404255319,136.085,2.4015180065750026,263.41080430416014,259.1518503482587,-0.01271393757368977,1763.2820763223883,90.20777306764693,,,,,,,,,,,,,,,,,,,,,,,,,,,,,,,,,,,,
results/post_nsdi/emu_real_traces_model_train_on_real_new_trace_default/ethernet/queue500/seed_10/2019-12-11T02-39-AWS-Brazil-2-to-Colombia-5-runs/quic_datalink_run2,1.6948085106382977,159.632,1.43926967695197,261.9150492690434,331.0727857142857,-0.011636081549538213,960.7485112900081,185.96841000824057,,,,,,,,,,,,,,,,,,,,,,,,,,,,,,,,,,,,
results/post_nsdi/emu_real_traces_model_train_on_real_new_trace_default/ethernet/queue500/seed_10/2019-12-11T02-39-AWS-Brazil-2-to-Colombia-5-runs/quic_datalink_run3,2.0170212765957447,158.923,1.402461906975248,274.20432333028475,379.3240601529902,-0.02109969606390183,936.7133246102254,115.65176514686834,,,,,,,,,,,,,,,,,,,,,,,,,,,,,,,,,,,,
results/post_nsdi/emu_real_traces_model_train_on_real_new_trace_default/ethernet/queue500/seed_10/2019-12-11T02-39-AWS-Brazil-2-to-Colombia-5-runs/vegas_datalink_run1,0.7598297872340426,147.523,0.6004668963635145,285.58761352952,753.6206066270179,-0.01757057514349314,249.94261706039498,144.68604304506113,,,,,,,,,,,,,,,,,,,,,,,,,,,,,,,,,,,,
results/post_nsdi/emu_real_traces_model_train_on_real_new_trace_default/ethernet/queue500/seed_10/2019-12-11T02-39-AWS-Brazil-2-to-Colombia-5-runs/vegas_datalink_run2,0.3794042553191489,164.182,0.2681128427259381,364.85439390663385,944.3731236363636,-0.0077821011673151474,-125.86282263372178,4.043803720703238,,,,,,,,,,,,,,,,,,,,,,,,,,,,,,,,,,,,
results/post_nsdi/emu_real_traces_model_train_on_real_new_trace_default/ethernet/queue500/seed_10/2019-12-11T02-39-AWS-Brazil-2-to-Colombia-5-runs/vegas_datalink_run3,11.750808510638295,138.078,8.399829132554274,225.21299310756024,367.99064146326907,-0.00570396425515729,6786.052545864649,143.6098794446772,,,,,,,,,,,,,,,,,,,,,,,,,,,,,,,,,,,,
results/post_nsdi/emu_real_traces_model_train_on_real_new_trace_default/ethernet/queue500/seed_10/2020-02-18T09-26-Brazil-to-AWS-Brazil-1-5-runs-3-flows/bbr_datalink_run1,46.18212765957447,2.941,25.6218395597376,13.119613034774169,30.358301600980507,0.04474052515125193,21248.93230311072,174.79928398223106,,,,,,,,,,,,,,,,,,,,,,,,,,,,,,,,,,,,
results/post_nsdi/emu_real_traces_model_train_on_real_new_trace_default/ethernet/queue500/seed_10/2020-02-18T09-26-Brazil-to-AWS-Brazil-1-5-runs-3-flows/bbr_datalink_run2,46.26536170212766,3.668,36.76197444444352,12.971440798760817,13.412241684718527,0.001965395836377226,30618.076471231416,380.39255883617807,,,,,,,,,,,,,,,,,,,,,,,,,,,,,,,,,,,,
results/post_nsdi/emu_real_traces_model_train_on_real_new_trace_default/ethernet/queue500/seed_10/2020-02-18T09-26-Brazil-to-AWS-Brazil-1-5-runs-3-flows/bbr_datalink_run3,46.3588085106383,1.373,30.455789230736713,8.664629622925759,8.330641907434295,0.00015390631323697335,25370.851916697862,319.50654814298497,,,,,,,,,,,,,,,,,,,,,,,,,,,,,,,,,,,,
results/post_nsdi/emu_real_traces_model_train_on_real_new_trace_default/ethernet/queue500/seed_10/2020-02-18T09-26-Brazil-to-AWS-Brazil-1-5-runs-3-flows/cubic_datalink_run1,46.63251063829788,4.407,31.652253413162452,10.357521658064819,12.879530250287461,0.00038249174190463364,26365.75533916017,328.2571784727522,,,,,,,,,,,,,,,,,,,,,,,,,,,,,,,,,,,,
results/post_nsdi/emu_real_traces_model_train_on_real_new_trace_default/ethernet/queue500/seed_10/2020-02-18T09-26-Brazil-to-AWS-Brazil-1-5-runs-3-flows/cubic_datalink_run2,46.45634042553192,3.925,32.581178797371535,11.883601051425499,13.958376547617238,0.005215477672031232,27128.66777474746,328.34994385284915,,,,,,,,,,,,,,,,,,,,,,,,,,,,,,,,,,,,
results/post_nsdi/emu_real_traces_model_train_on_real_new_trace_default/ethernet/queue500/seed_10/2020-02-18T09-26-Brazil-to-AWS-Brazil-1-5-runs-3-flows/cubic_datalink_run3,46.71472340425533,5.116,30.18296653788594,17.52769814600613,19.347965411722576,0.01338453360414471,25108.175349550656,278.7594826372801,,,,,,,,,,,,,,,,,,,,,,,,,,,,,,,,,,,,
results/post_nsdi/emu_real_traces_model_train_on_real_new_trace_default/ethernet/queue500/seed_10/2020-02-18T09-26-Brazil-to-AWS-Brazil-1-5-runs-3-flows/indigo_datalink_run1,46.68612765957447,3.675,33.14992815518792,17.10900000837195,74.67178958863126,0.016022363690338715,27575.786401934216,305.8760193154782,,,,,,,,,,,,,,,,,,,,,,,,,,,,,,,,,,,,
results/post_nsdi/emu_real_traces_model_train_on_real_new_trace_default/ethernet/queue500/seed_10/2020-02-18T09-26-Brazil-to-AWS-Brazil-1-5-runs-3-flows/indigo_datalink_run2,46.57021276595746,1.771,29.054725780681157,11.698979778481801,12.949203260480726,0.016497494750850605,24167.57751462078,267.2514144213917,,,,,,,,,,,,,,,,,,,,,,,,,,,,,,,,,,,,
results/post_nsdi/emu_real_traces_model_train_on_real_new_trace_default/ethernet/queue500/seed_10/2020-02-18T09-26-Brazil-to-AWS-Brazil-1-5-runs-3-flows/indigo_datalink_run3,46.51455319148936,3.691,35.36162333113118,11.86438009273154,13.302281121292879,0.00422432330154332,29447.706415913493,359.8005173981751,,,,,,,,,,,,,,,,,,,,,,,,,,,,,,,,,,,,
results/post_nsdi/emu_real_traces_model_train_on_real_new_trace_default/ethernet/queue500/seed_10/2020-02-18T09-26-Brazil-to-AWS-Brazil-1-5-runs-3-flows/ledbat_datalink_run1,46.08663829787234,3.6029999999999998,36.864416620381256,13.661326549296135,14.153926871139108,0.006266475945120087,30694.15290521151,373.75262571644726,,,,,,,,,,,,,,,,,,,,,,,,,,,,,,,,,,,,
results/post_nsdi/emu_real_traces_model_train_on_real_new_trace_default/ethernet/queue500/seed_10/2020-02-18T09-26-Brazil-to-AWS-Brazil-1-5-runs-3-flows/ledbat_datalink_run2,46.57225531914893,1.3599999999999999,31.62289573289056,7.18614828657691,8.344140036132275,-9.89202307259962e-05,26345.42480291701,332.5152819858704,,,,,,,,,,,,,,,,,,,,,,,,,,,,,,,,,,,,
results/post_nsdi/emu_real_traces_model_train_on_real_new_trace_default/ethernet/queue500/seed_10/2020-02-18T09-26-Brazil-to-AWS-Brazil-1-5-runs-3-flows/ledbat_datalink_run3,46.38740425531915,2.741,28.60094498639545,10.56732858333942,10.69287673404677,0.010612433079478567,23802.328627253915,276.49133012335534,,,,,,,,,,,,,,,,,,,,,,,,,,,,,,,,,,,,
results/post_nsdi/emu_real_traces_model_train_on_real_new_trace_default/ethernet/queue500/seed_10/2020-02-18T09-26-Brazil-to-AWS-Brazil-1-5-runs-3-flows/quic_datalink_run1,42.67251063829788,1.326,24.570036571530878,18.083792954461337,8.182163904063458,-0.00021247246215239102,20457.371628245575,270.23183620673103,,,,,,,,,,,,,,,,,,,,,,,,,,,,,,,,,,,,
results/post_nsdi/emu_real_traces_model_train_on_real_new_trace_default/ethernet/queue500/seed_10/2020-02-18T09-26-Brazil-to-AWS-Brazil-1-5-runs-3-flows/quic_datalink_run2,42.72714893617021,1.364,24.59088508005036,21.16503600758647,8.262837912953252,-0.0003179992493522743,20471.875195866418,267.23747268802487,,,,,,,,,,,,,,,,,,,,,,,,,,,,,,,,,,,,
results/post_nsdi/emu_real_traces_model_train_on_real_new_trace_default/ethernet/queue500/seed_10/2020-02-18T09-26-Brazil-to-AWS-Brazil-1-5-runs-3-flows/quic_datalink_run3,42.155744680851065,2.8070000000000004,24.55106000092205,13.03832802452519,8.250832507451918,-0.000424548023344018,20447.027435457203,279.005481658359,,,,,,,,,,,,,,,,,,,,,,,,,,,,,,,,,,,,
results/post_nsdi/emu_real_traces_model_train_on_real_new_trace_default/ethernet/queue500/seed_10/2020-02-18T09-26-Brazil-to-AWS-Brazil-1-5-runs-3-flows/vegas_datalink_run1,39.585191489361705,2.79,25.945767065433735,10.111376383853885,8.629936547499002,-0.00012046757481365411,21611.602113293884,317.85017965005676,,,,,,,,,,,,,,,,,,,,,,,,,,,,,,,,,,,,
results/post_nsdi/emu_real_traces_model_train_on_real_new_trace_default/ethernet/queue500/seed_10/2020-02-18T09-26-Brazil-to-AWS-Brazil-1-5-runs-3-flows/vegas_datalink_run2,32.52408510638298,2.9640000000000004,19.29877931903001,14.597212803784199,18.69076936914112,-0.00037808340519918104,16068.475053198288,282.8433842666148,,,,,,,,,,,,,,,,,,,,,,,,,,,,,,,,,,,,
results/post_nsdi/emu_real_traces_model_train_on_real_new_trace_default/ethernet/queue500/seed_10/2020-02-18T09-26-Brazil-to-AWS-Brazil-1-5-runs-3-flows/vegas_datalink_run3,36.981957446808515,2.824,20.568907067205934,16.126051176610577,66.9326531817754,0.039590946560822515,17045.447945040025,182.78586802617826,,,,,,,,,,,,,,,,,,,,,,,,,,,,,,,,,,,,
results/post_nsdi/emu_real_traces_model_train_on_real_new_trace_default/ethernet/queue500/seed_10/2020-02-18T09-26-Colombia-to-AWS-Brazil-2-5-runs-3-flows/bbr_datalink_run1,42.88085106382979,151.422,29.670718582453006,238.79886588355194,329.39587633365664,0.050088531396296654,24386.62289003469,6.991068787209727,,,,,,,,,,,,,,,,,,,,,,,,,,,,,,,,,,,,
results/post_nsdi/emu_real_traces_model_train_on_real_new_trace_default/ethernet/queue500/seed_10/2020-02-18T09-26-Colombia-to-AWS-Brazil-2-5-runs-3-flows/bbr_datalink_run2,43.71778723404254,151.297,29.54046789427734,233.62973362108931,317.8107850283567,0.04031168691405962,24302.803471115243,23.600999119965223,,,,,,,,,,,,,,,,,,,,,,,,,,,,,,,,,,,,
results/post_nsdi/emu_real_traces_model_train_on_real_new_trace_default/ethernet/queue500/seed_10/2020-02-18T09-26-Colombia-to-AWS-Brazil-2-5-runs-3-flows/bbr_datalink_run3,43.33225531914893,151.428,32.2274143288761,231.8074007304713,300.0329843869366,0.049116602743737525,26526.138001178806,41.82342545448891,,,,,,,,,,,,,,,,,,,,,,,,,,,,,,,,,,,,
results/post_nsdi/emu_real_traces_model_train_on_real_new_trace_default/ethernet/queue500/seed_10/2020-02-18T09-26-Colombia-to-AWS-Brazil-2-5-runs-3-flows/cubic_datalink_run1,34.62229787234043,152.423,24.820378634621548,238.3050926840275,314.7376467242948,0.0060135629739098695,20433.316643552775,108.11277433394918,,,,,,,,,,,,,,,,,,,,,,,,,,,,,,,,,,,,
results/post_nsdi/emu_real_traces_model_train_on_real_new_trace_default/ethernet/queue500/seed_10/2020-02-18T09-26-Colombia-to-AWS-Brazil-2-5-runs-3-flows/cubic_datalink_run2,36.76851063829786,151.43200000000002,28.614575469810276,229.1031201270672,290.63390664534217,0.04525497364961473,23525.866490748933,69.50488939414504,,,,,,,,,,,,,,,,,,,,,,,,,,,,,,,,,,,,
results/post_nsdi/emu_real_traces_model_train_on_real_new_trace_default/ethernet/queue500/seed_10/2020-02-18T09-26-Colombia-to-AWS-Brazil-2-5-runs-3-flows/cubic_datalink_run3,28.973617021276596,151.43200000000002,19.54961802825222,243.92744770392994,352.4164951491854,0.01696806083518254,16013.484787502553,59.505734808473676,,,,,,,,,,,,,,,,,,,,,,,,,,,,,,,,,,,,
results/post_nsdi/emu_real_traces_model_train_on_real_new_trace_default/ethernet/queue500/seed_10/2020-02-18T09-26-Colombia-to-AWS-Brazil-2-5-runs-3-flows/indigo_datalink_run1,50.99489361702128,151.373,39.203667687168945,222.63756711800056,261.7344605908745,0.03338143002781224,32380.322645467168,94.98774295958404,,,,,,,,,,,,,,,,,,,,,,,,,,,,,,,,,,,,
results/post_nsdi/emu_real_traces_model_train_on_real_new_trace_default/ethernet/queue500/seed_10/2020-02-18T09-26-Colombia-to-AWS-Brazil-2-5-runs-3-flows/indigo_datalink_run2,46.06365957446809,151.422,35.81237004458741,229.8366692778759,273.6572703596587,0.019872897986293547,29574.059238572376,119.14446586420345,,,,,,,,,,,,,,,,,,,,,,,,,,,,,,,,,,,,
results/post_nsdi/emu_real_traces_model_train_on_real_new_trace_default/ethernet/queue500/seed_10/2020-02-18T09-26-Colombia-to-AWS-Brazil-2-5-runs-3-flows/indigo_datalink_run3,45.65106382978723,151.418,33.72827713818645,229.66325165280566,275.1300037416005,0.0068514864362312355,27863.531390630105,126.04769826899992,,,,,,,,,,,,,,,,,,,,,,,,,,,,,,,,,,,,
results/post_nsdi/emu_real_traces_model_train_on_real_new_trace_default/ethernet/queue500/seed_10/2020-02-18T09-26-Colombia-to-AWS-Brazil-2-5-runs-3-flows/ledbat_datalink_run1,17.168680851063833,151.425,17.29847730060561,245.59763169007562,292.84125050994766,0.051150377149563275,14067.499364515472,155.8816496078174,,,,,,,,,,,,,,,,,,,,,,,,,,,,,,,,,,,,
results/post_nsdi/emu_real_traces_model_train_on_real_new_trace_default/ethernet/queue500/seed_10/2020-02-18T09-26-Colombia-to-AWS-Brazil-2-5-runs-3-flows/ledbat_datalink_run2,14.269276595744682,151.33100000000002,14.293082376231931,278.5672193172712,524.5984990509615,0.030456413077832534,11571.42193472034,161.35411666301763,,,,,,,,,,,,,,,,,,,,,,,,,,,,,,,,,,,,
results/post_nsdi/emu_real_traces_model_train_on_real_new_trace_default/ethernet/queue500/seed_10/2020-02-18T09-26-Colombia-to-AWS-Brazil-2-5-runs-3-flows/ledbat_datalink_run3,14.54808510638298,151.27800000000002,14.449031855992393,260.8718280648631,362.94066272714366,0.04208897361695907,11695.81010469488,151.5458848975175,,,,,,,,,,,,,,,,,,,,,,,,,,,,,,,,,,,,
results/post_nsdi/emu_real_traces_model_train_on_real_new_trace_default/ethernet/queue500/seed_10/2020-02-18T09-26-Colombia-to-AWS-Brazil-2-5-runs-3-flows/quic_datalink_run1,33.568340425531915,151.375,23.427654571510097,257.9272275072645,500.3446878565786,0.09917976606031842,19066.75871663051,-107.33214533170073,,,,,,,,,,,,,,,,,,,,,,,,,,,,,,,,,,,,
results/post_nsdi/emu_real_traces_model_train_on_real_new_trace_default/ethernet/queue500/seed_10/2020-02-18T09-26-Colombia-to-AWS-Brazil-2-5-runs-3-flows/quic_datalink_run2,35.17429787234042,151.279,27.115214689935403,235.69904468337376,403.1935990355522,0.06813074747570569,22224.051701978056,13.480198775201274,,,,,,,,,,,,,,,,,,,,,,,,,,,,,,,,,,,,
results/post_nsdi/emu_real_traces_model_train_on_real_new_trace_default/ethernet/queue500/seed_10/2020-02-18T09-26-Colombia-to-AWS-Brazil-2-5-runs-3-flows/quic_datalink_run3,36.08834042553192,151.296,26.063601199556132,234.8896906174634,356.1890599496321,0.061454938392114355,21361.868098895084,3.3087696987382174,,,,,,,,,,,,,,,,,,,,,,,,,,,,,,,,,,,,
results/post_nsdi/emu_real_traces_model_train_on_real_new_trace_default/ethernet/queue500/seed_10/2020-02-18T09-26-Colombia-to-AWS-Brazil-2-5-runs-3-flows/vegas_datalink_run1,16.412425531914895,152.42200000000003,10.33644015953908,278.6895571870856,597.6514480379685,0.03504426033063179,8264.922055100884,-33.881290062799664,,,,,,,,,,,,,,,,,,,,,,,,,,,,,,,,,,,,
results/post_nsdi/emu_real_traces_model_train_on_real_new_trace_default/ethernet/queue500/seed_10/2020-02-18T09-26-Colombia-to-AWS-Brazil-2-5-runs-3-flows/vegas_datalink_run2,33.543829787234046,152.414,27.35813602611728,232.0372822556099,289.4475169394604,0.03996004600762759,22486.489314160204,95.8394724167053,,,,,,,,,,,,,,,,,,,,,,,,,,,,,,,,,,,,
results/post_nsdi/emu_real_traces_model_train_on_real_new_trace_default/ethernet/queue500/seed_10/2020-02-18T09-26-Colombia-to-AWS-Brazil-2-5-runs-3-flows/vegas_datalink_run3,32.499063829787225,151.42700000000002,26.90749759369949,234.54216752692554,278.56016041619023,0.016987295459674367,22154.397902969966,145.45666759803603,,,,,,,,,,,,,,,,,,,,,,,,,,,,,,,,,,,,
results/post_nsdi/emu_real_traces_model_train_on_real_new_trace_default/ethernet/queue500/seed_10/2020-02-18T09-26-Mexico-to-AWS-California-2-5-runs-3-flows/bbr_datalink_run1,41.77889361702128,65.445,32.29811104326689,106.4941840686347,148.08510450382258,0.025105757428113162,26758.386837130885,229.8305188521962,,,,,,,,,,,,,,,,,,,,,,,,,,,,,,,,,,,,
results/post_nsdi/emu_real_traces_model_train_on_real_new_trace_default/ethernet/queue500/seed_10/2020-02-18T09-26-Mexico-to-AWS-California-2-5-runs-3-flows/bbr_datalink_run2,41.58331914893618,65.422,33.3590869752248,104.99277373323247,153.9767119256886,0.021965577410200887,27650.31521746703,252.18747450374076,,,,,,,,,,,,,,,,,,,,,,,,,,,,,,,,,,,,
results/post_nsdi/emu_real_traces_model_train_on_real_new_trace_default/ethernet/queue500/seed_10/2020-02-18T09-26-Mexico-to-AWS-California-2-5-runs-3-flows/bbr_datalink_run3,41.677787234042555,65.45100000000001,33.86418541090251,106.25272570225606,158.919736643611,0.01068790488128879,28092.52597362059,278.63326078573755,,,,,,,,,,,,,,,,,,,,,,,,,,,,,,,,,,,,
results/post_nsdi/emu_real_traces_model_train_on_real_new_trace_default/ethernet/queue500/seed_10/2020-02-18T09-26-Mexico-to-AWS-California-2-5-runs-3-flows/cubic_datalink_run1,45.525446808510644,65.366,41.121073003372004,101.75733819111358,122.03980227358574,0.0076088173699983,34150.58586321223,334.6523683263591,,,,,,,,,,,,,,,,,,,,,,,,,,,,,,,,,,,,
results/post_nsdi/emu_real_traces_model_train_on_real_new_trace_default/ethernet/queue500/seed_10/2020-02-18T09-26-Mexico-to-AWS-California-2-5-runs-3-flows/cubic_datalink_run2,40.22553191489362,65.441,34.96520522750987,102.28837298577122,124.65999870722109,0.0013458058519316696,29032.691038235258,329.634594198804,,,,,,,,,,,,,,,,,,,,,,,,,,,,,,,,,,,,
results/post_nsdi/emu_real_traces_model_train_on_real_new_trace_default/ethernet/queue500/seed_10/2020-02-18T09-26-Mexico-to-AWS-California-2-5-runs-3-flows/cubic_datalink_run3,40.14944680851064,65.42500000000001,35.23900146883526,106.88801661702057,173.4826682516614,0.023319354124090474,29212.307832497518,285.32118301388675,,,,,,,,,,,,,,,,,,,,,,,,,,,,,,,,,,,,
results/post_nsdi/emu_real_traces_model_train_on_real_new_trace_default/ethernet/queue500/seed_10/2020-02-18T09-26-Mexico-to-AWS-California-2-5-runs-3-flows/indigo_datalink_run1,45.611744680851075,65.438,37.8122532701324,100.7509509436081,124.50686673553719,0.0059123551381962125,31397.635397223665,301.92562057384094,,,,,,,,,,,,,,,,,,,,,,,,,,,,,,,,,,,,
results/post_nsdi/emu_real_traces_model_train_on_real_new_trace_default/ethernet/queue500/seed_10/2020-02-18T09-26-Mexico-to-AWS-California-2-5-runs-3-flows/indigo_datalink_run2,45.995234042553186,65.432,38.0841919559311,100.73251910583235,129.21701804964306,0.018654052124241316,31598.786006588267,275.96087863496643,,,,,,,,,,,,,,,,,,,,,,,,,,,,,,,,,,,,
results/post_nsdi/emu_real_traces_model_train_on_real_new_trace_default/ethernet/queue500/seed_10/2020-02-18T09-26-Mexico-to-AWS-California-2-5-runs-3-flows/indigo_datalink_run3,42.61736170212766,65.398,35.3782233791007,102.7203565250893,133.9889915270717,0.010501726530386613,29358.129006331386,291.34439227017185,,,,,,,,,,,,,,,,,,,,,,,,,,,,,,,,,,,,
results/post_nsdi/emu_real_traces_model_train_on_real_new_trace_default/ethernet/queue500/seed_10/2020-02-18T09-26-Mexico-to-AWS-California-2-5-runs-3-flows/ledbat_datalink_run1,41.280510638297876,65.442,40.84127502335961,111.41430072929528,161.90520362180473,0.0007847564034766386,33921.41203926342,381.69605345005306,,,,,,,,,,,,,,,,,,,,,,,,,,,,,,,,,,,,
results/post_nsdi/emu_real_traces_model_train_on_real_new_trace_default/ethernet/queue500/seed_10/2020-02-18T09-26-Mexico-to-AWS-California-2-5-runs-3-flows/ledbat_datalink_run2,39.18076595744681,65.461,39.22476569142705,110.15881376970412,147.00742668873832,0.005258858772252961,32566.62821154167,379.88496528884303,,,,,,,,,,,,,,,,,,,,,,,,,,,,,,,,,,,,
results/post_nsdi/emu_real_traces_model_train_on_real_new_trace_default/ethernet/queue500/seed_10/2020-02-18T09-26-Mexico-to-AWS-California-2-5-runs-3-flows/ledbat_datalink_run3,39.05617021276596,65.492,39.0170726839222,112.93527778066189,159.16907242530053,0.008175121041977929,32384.941716737216,370.21395065910775,,,,,,,,,,,,,,,,,,,,,,,,,,,,,,,,,,,,
results/post_nsdi/emu_real_traces_model_train_on_real_new_trace_default/ethernet/queue500/seed_10/2020-02-18T09-26-Mexico-to-AWS-California-2-5-runs-3-flows/quic_datalink_run1,39.370212765957454,65.37100000000001,37.29085781274128,107.45918216068637,148.55208334321281,0.009439436871006901,30949.37678804837,347.2542260900689,,,,,,,,,,,,,,,,,,,,,,,,,,,,,,,,,,,,
results/post_nsdi/emu_real_traces_model_train_on_real_new_trace_default/ethernet/queue500/seed_10/2020-02-18T09-26-Mexico-to-AWS-California-2-5-runs-3-flows/quic_datalink_run2,37.988936170212774,65.419,35.42934601316689,108.23277822429957,177.38605534208708,0.022231015985532343,29371.760200777044,313.61656339012626,,,,,,,,,,,,,,,,,,,,,,,,,,,,,,,,,,,,
results/post_nsdi/emu_real_traces_model_train_on_real_new_trace_default/ethernet/queue500/seed_10/2020-02-18T09-26-Mexico-to-AWS-California-2-5-runs-3-flows/quic_datalink_run3,46.44306382978724,65.396,43.4947998838831,105.55631627240422,165.4067817235172,0.019975039991497634,36100.16017364717,322.75297658970976,,,,,,,,,,,,,,,,,,,,,,,,,,,,,,,,,,,,
results/post_nsdi/emu_real_traces_model_train_on_real_new_trace_default/ethernet/queue500/seed_10/2020-02-18T09-26-Mexico-to-AWS-California-2-5-runs-3-flows/vegas_datalink_run1,43.740255319148936,65.361,41.28925363374913,101.18121174727375,120.39176806813046,0.007607496784773349,34291.31515614079,355.58610631446544,,,,,,,,,,,,,,,,,,,,,,,,,,,,,,,,,,,,
results/post_nsdi/emu_real_traces_model_train_on_real_new_trace_default/ethernet/queue500/seed_10/2020-02-18T09-26-Mexico-to-AWS-California-2-5-runs-3-flows/vegas_datalink_run2,34.90723404255319,65.414,27.547225899596697,111.00943186138298,201.85557898335992,0.011191224012160661,22822.629703111546,261.1857292427592,,,,,,,,,,,,,,,,,,,,,,,,,,,,,,,,,,,,
results/post_nsdi/emu_real_traces_model_train_on_real_new_trace_default/ethernet/queue500/seed_10/2020-02-18T09-26-Mexico-to-AWS-California-2-5-runs-3-flows/vegas_datalink_run3,35.88204255319148,65.382,32.79794730189929,104.57916978019801,117.77786091479273,0.0012926816924219153,27224.4582184177,349.85999732649395,,,,,,,,,,,,,,,,,,,,,,,,,,,,,,,,,,,,
results/post_nsdi/emu_real_traces_model_train_on_real_new_trace_default/ethernet/queue500/seed_10/2018-01-31T21-28-Mexico-to-AWS-California-2-10-runs-3-flows/bbr_datalink_run1,34.443063829787235,53.138,31.136086885317987,86.61683657879985,124.73564321047527,0.00022123942998053536,25859.679755659563,364.9342563176331,,,,,,,,,,,,,,,,,,,,,,,,,,,,,,,,,,,,
results/post_nsdi/emu_real_traces_model_train_on_real_new_trace_default/ethernet/queue500/seed_10/2018-01-31T21-28-Mexico-to-AWS-California-2-10-runs-3-flows/ledbat_datalink_run1,25.158857142857144,53.774,23.853561947095084,81.97951061201542,129.36794757211413,0.0046625132838931105,19786.663752066106,382.75439585617994,,,,,,,,,,,,,,,,,,,,,,,,,,,,,,,,,,,,
results/post_nsdi/emu_real_traces_model_train_on_real_new_trace_default/ethernet/queue500/seed_10/2018-01-31T21-28-Mexico-to-AWS-California-2-10-runs-3-flows/quic_datalink_run1,22.354212765957456,53.72,19.791564368803346,86.51469915579082,110.23918301322216,0.0,16406.455608180328,356.1661631947571,,,,,,,,,,,,,,,,,,,,,,,,,,,,,,,,,,,,
results/post_nsdi/emu_real_traces_model_train_on_real_new_trace_default/ethernet/queue500/seed_10/2018-01-31T21-28-Mexico-to-AWS-California-2-10-runs-3-flows/vegas_datalink_run1,21.93242553191489,53.8,20.21334178262719,88.83315464799635,129.48836490124543,0.003637698856601257,16748.342933161457,364.700986310523,,,,,,,,,,,,,,,,,,,,,,,,,,,,,,,,,,,,
results/post_nsdi/emu_real_traces_model_train_on_real_new_trace_default/ethernet/queue500/seed_10/2018-12-20T04-36-Colombia-to-AWS-Brazil-2-5-runs/bbr_datalink_run1,89.80136170212765,170.837,76.04167214395319,186.13999288692239,236.10653726927256,0.10761020293955437,62966.699721194964,22.027792140162802,,,,,,,,,,,,,,,,,,,,,,,,,,,,,,,,,,,,
results/post_nsdi/emu_real_traces_model_train_on_real_new_trace_default/ethernet/queue500/seed_10/2018-12-20T04-36-Colombia-to-AWS-Brazil-2-5-runs/cubic_datalink_run1,77.68800000000002,169.59300000000002,64.32990309035574,210.71752046084524,258.5107956581925,0.1016509739419833,53194.23310695164,0.007814442463683235,,,,,,,,,,,,,,,,,,,,,,,,,,,,,,,,,,,,
results/post_nsdi/emu_real_traces_model_train_on_real_new_trace_default/ethernet/queue500/seed_10/2018-12-20T04-36-Colombia-to-AWS-Brazil-2-5-runs/indigo_datalink_run1,94.2648510638298,169.84199999999998,78.48587527579257,179.12406233708498,192.17265594832014,0.06320840463583166,65099.35519155173,110.7642219125221,,,,,,,,,,,,,,,,,,,,,,,,,,,,,,,,,,,,
results/post_nsdi/emu_real_traces_model_train_on_real_new_trace_default/ethernet/queue500/seed_10/2018-12-20T04-36-Colombia-to-AWS-Brazil-2-5-runs/ledbat_datalink_run1,15.980425531914895,169.739,15.08613929105657,257.54504700252664,299.1961727596358,0.03200755147426171,12250.22259259609,150.4591733431787,,,,,,,,,,,,,,,,,,,,,,,,,,,,,,,,,,,,
results/post_nsdi/emu_real_traces_model_train_on_real_new_trace_default/ethernet/queue500/seed_10/2018-12-20T04-36-Colombia-to-AWS-Brazil-2-5-runs/quic_datalink_run1,69.27982978723405,171.707,56.79659841686539,226.61046378138752,322.38264394552016,0.14155758507738858,46820.77304678499,-99.81846043924668,,,,,,,,,,,,,,,,,,,,,,,,,,,,,,,,,,,,
results/post_nsdi/emu_real_traces_model_train_on_real_new_trace_default/ethernet/queue500/seed_10/2018-12-20T04-36-Colombia-to-AWS-Brazil-2-5-runs/vegas_datalink_run1,30.2251914893617,169.583,27.881631387193742,245.60889491944027,291.44825313143684,0.025644083394766426,22937.79576095248,164.3346131508402,,,,,,,,,,,,,,,,,,,,,,,,,,,,,,,,,,,,
results/post_nsdi/emu_real_traces_model_train_on_real_new_trace_default/ethernet/queue500/seed_10/2019-01-25T19-10-India-to-AWS-India-1-5-runs-3-flows/bbr_datalink_run1,34.42417021276596,73.001,29.75129464011143,115.61002759180292,141.14410074548508,0.010375108714149484,24656.385288406087,295.76774029119514,,,,,,,,,,,,,,,,,,,,,,,,,,,,,,,,,,,,
results/post_nsdi/emu_real_traces_model_train_on_real_new_trace_default/ethernet/queue500/seed_10/2019-01-25T19-10-India-to-AWS-India-1-5-runs-3-flows/cubic_datalink_run1,31.494127659574477,74.30999999999999,29.41425673971058,117.74695580716666,210.55162406105094,0.0004411557103195518,24393.251349197675,348.3507529469774,,,,,,,,,,,,,,,,,,,,,,,,,,,,,,,,,,,,
results/post_nsdi/emu_real_traces_model_train_on_real_new_trace_default/ethernet/queue500/seed_10/2019-01-25T19-10-India-to-AWS-India-1-5-runs-3-flows/indigo_datalink_run1,47.608340425531914,75.211,45.460424174696044,113.96264978462014,136.37305343571262,0.008914711424610533,37751.89473961286,345.6497344987178,,,,,,,,,,,,,,,,,,,,,,,,,,,,,,,,,,,,
results/post_nsdi/emu_real_traces_model_train_on_real_new_trace_default/ethernet/queue500/seed_10/2019-01-25T19-10-India-to-AWS-India-1-5-runs-3-flows/ledbat_datalink_run1,42.30178723404255,73.555,40.933101518866195,113.6529411243081,161.13140816583388,0.012216094556395385,33972.832802151395,345.73723514425205,,,,,,,,,,,,,,,,,,,,,,,,,,,,,,,,,,,,
results/post_nsdi/emu_real_traces_model_train_on_real_new_trace_default/ethernet/queue500/seed_10/2019-01-25T19-10-India-to-AWS-India-1-5-runs-3-flows/quic_datalink_run1,36.22059574468085,72.94999999999999,31.56220453807873,115.31009122698427,179.02476428209692,0.006234282120070156,26174.058459598484,307.9155109204309,,,,,,,,,,,,,,,,,,,,,,,,,,,,,,,,,,,,
results/post_nsdi/emu_real_traces_model_train_on_real_new_trace_default/ethernet/queue500/seed_10/2019-01-25T19-10-India-to-AWS-India-1-5-runs-3-flows/vegas_datalink_run1,23.197787234042554,73.629,20.711245805179754,112.11404244380545,133.92978605611808,0.010093364703455454,17127.07073246574,314.1048615018083,,,,,,,,,,,,,,,,,,,,,,,,,,,,,,,,,,,,
results/post_nsdi/emu_real_traces_model_train_on_real_new_trace_default/ethernet/queue500/seed_10/2019-06-28T11-29-Mexico-to-AWS-California-2-5-runs-3-flows/bbr_datalink_run1,33.88034042553191,65.379,30.693090431465297,108.49602574137789,145.99708846639186,0.005402003284956547,25458.275327243126,333.6631027393721,,,,,,,,,,,,,,,,,,,,,,,,,,,,,,,,,,,,
results/post_nsdi/emu_real_traces_model_train_on_real_new_trace_default/ethernet/queue500/seed_10/2019-06-28T11-29-Mexico-to-AWS-California-2-5-runs-3-flows/cubic_datalink_run1,34.46604255319149,65.337,31.778598704048022,100.94992006320257,123.65933191050689,0.002429432328081016,26376.356801987324,355.2043799775117,,,,,,,,,,,,,,,,,,,,,,,,,,,,,,,,,,,,
results/post_nsdi/emu_real_traces_model_train_on_real_new_trace_default/ethernet/queue500/seed_10/2019-06-28T11-29-Mexico-to-AWS-California-2-5-runs-3-flows/indigo_datalink_run1,39.85940425531916,65.36,36.84084280863133,100.84017018122769,126.05954972940137,0.0024980557143258197,30594.86605891623,356.2986084733686,,,,,,,,,,,,,,,,,,,,,,,,,,,,,,,,,,,,
results/post_nsdi/emu_real_traces_model_train_on_real_new_trace_default/ethernet/queue500/seed_10/2019-06-28T11-29-Mexico-to-AWS-California-2-5-runs-3-flows/ledbat_datalink_run1,43.99302127659575,65.24000000000001,38.579027298717044,104.20104301308945,182.31172764554626,0.008441447471482122,32028.105477641486,317.38364371059873,,,,,,,,,,,,,,,,,,,,,,,,,,,,,,,,,,,,
results/post_nsdi/emu_real_traces_model_train_on_real_new_trace_default/ethernet/queue500/seed_10/2019-06-28T11-29-Mexico-to-AWS-California-2-5-runs-3-flows/quic_datalink_run1,40.712170212765955,65.25800000000001,37.15778058253217,101.72439877506909,137.44156117669883,0.00583588607061758,30851.420981193834,342.9511619370148,,,,,,,,,,,,,,,,,,,,,,,,,,,,,,,,,,,,
results/post_nsdi/emu_real_traces_model_train_on_real_new_trace_default/ethernet/queue500/seed_10/2019-06-28T11-29-Mexico-to-AWS-California-2-5-runs-3-flows/vegas_datalink_run1,40.21685106382979,65.34700000000001,38.404437866774835,102.10567273510581,130.92369851227113,0.006039179840126141,31889.514189897003,363.2829602865518,,,,,,,,,,,,,,,,,,,,,,,,,,,,,,,,,,,,
